Period,Oil_production,Oil_supply,Oil_price,Unemployment_rate,Trade_balance,Manufacturing_PMI,HMI,CPI,Employment_change,Mortgage_rate_15_years,Mortgage_rate_30_years,House_sold,House_price_index,Auto_sales,Auto_production,Gold_price,Money_stock_M1,Money_stock_M2,IPI,Effective_federal_fund_rate,Housing_starts,Consumer_sentiment,Inflation_rate,DJI,NYA,IXIC,GSPC
1/1/92,228178,309436.2,18.79,7.3,"-2,026",50.8,44,138.1,52,8.006,8.432,676,102.28,560.5,419.7,354.45,910.4,3380.9,63.8916,4.03,1176,67.5,2.6,3267.699951,2413.030029,633.469971,412.700012
1/2/92,214269,316640.6,19.01,7.4,-831,50,49,138.6,-63,8.3825,8.7625,639,102.96,651.1,439.4,353.91,925.2,3399.6,64.3381,4.06,1250,68.8,2.8,3235.5,2360.590088,603.77002,403.690002
1/3/92,227798,323606.2,18.92,7.4,"-2,641",43.2,46,139.3,54,8.5775,8.935,553,103.07,720.4,497,344.34,936.7,3403.5,64.902,3.98,1297,76,3.2,3359.100098,2413.97998,578.679993,414.950012
1/4/92,218775,337042.7,20.23,7.4,"-3,109",48.7,46,139.5,159,8.47,8.8525,546,102.98,715.8,507.3,338.62,943.8,3399.3,65.3746,3.73,1099,77.2,3.2,3396.899902,2420.01001,585.309998,415.350006
1/5/92,222227,334208.8,20.98,7.6,"-3,919",47.3,47,139.7,126,8.294,8.672,554,103.16,733.7,544.2,337.24,950.6,3398.2,65.5902,3.82,1214,79.2,3,3318.5,2372,563.599976,408.140015
1/6/92,215019,338291.5,22.39,7.8,"-2,824",52.7,45,140.2,68,8.0775,8.51,596,103.51,824.8,559,340.81,954.3,3393,65.6132,3.76,1145,80.4,3.1,3393.800049,2465.27002,580.830017,424.209991
1/7/92,221064,340888.3,21.78,7.7,"-2,781",54.6,46,140.5,71,7.67,8.128,627,103.77,733.6,349.4,352.72,963.3,3393.3,66.1891,3.25,1139,76.6,3.2,3257.399902,2411.129883,563.119995,414.029999
1/8/92,214575,330858.3,21.34,7.6,"-4,455",53.6,49,140.9,138,7.49,7.975,636,104.35,644.8,431.5,343.06,973.7,3398.2,65.8651,3.3,1226,76.1,3.1,3271.699951,2426.25,583.27002,417.799988
1/9/92,210904,327672.8,21.88,7.6,"-3,530",53.5,48,141.3,36,7.405,7.9225,650,104.61,673.7,476.4,345.43,988,3409.6,66.0268,3.22,1186,75.6,3,3226.300049,2437.98999,605.169983,418.679993
1/10/92,220898,333957.2,21.69,7.3,"-3,520",51,50,141.8,182,7.546,8.088,621,104.78,694.5,533.1,344.38,1003.7,3423.1,66.511,3.1,1244,73.3,3.2,3305.199951,2510.72998,652.72998,431.350006
1/11/92,210724,321867.3,20.34,7.4,"-3,968",55.4,54,142,136,7.795,8.305,614,105.04,601,458.7,335.02,1015.7,3425.8,66.8027,3.09,1214,85.3,3,3301.110107,2539.919922,676.950012,435.709991
1/12/92,220200,332800.2,19.41,7.4,"-5,603",56.1,56,141.9,212,7.742,8.206,650,104.63,660.5,450,334.82,1024.9,3424.1,66.8587,2.92,1227,91,2.9,3310,2558,696.340027,438.779999
1/1/93,215791,292206.7,19.03,7.3,"-3,871",53.7,55,142.6,309,7.51,7.9925,596,104.38,562.2,453.3,329.01,1030.4,3418.3,67.1432,3.02,1210,89.3,3.3,3370.810059,2580.840088,670.77002,443.380005
1/2/93,194393,311617.3,20.09,7.1,"-3,596",53.2,52,143.1,242,7.17,7.6825,604,104.06,593.4,499.3,329.31,1033.5,3413.6,67.4314,3.03,1210,86.6,3.2,3435.110107,2637.300049,690.130005,451.670013
1/3/93,216198,314819.7,20.32,7,"-6,777",52.6,53,143.6,-49,6.99,7.495,602,104.68,735.1,589.5,330.08,1038.4,3410.9,67.3651,3.07,1083,85.9,3.1,3427.550049,2574.280029,661.419983,440.190002
1/4/93,206439,324876.6,20.25,7.1,"-6,445",55.7,52,144,308,6.96,7.472,701,105.57,768.7,538.6,342.15,1047.6,3410.6,67.5583,2.96,1258,85.6,3.2,3527.429932,2628.629883,700.530029,450.190002
1/5/93,212255,323118.8,19.95,7.1,"-4,369",53.6,51,144.2,266,6.9275,7.465,626,105.9,812.1,548.4,367.18,1065.9,3436.2,67.3459,3,1260,80.3,3.2,3516.080078,2633.919922,703.950012,450.529999
1/6/93,203842,335721.3,19.09,7,"-6,929",55.1,53,144.4,182,6.915,7.4175,653,106.7,835.6,559.5,371.89,1075.1,3441.6,67.4753,3.04,1280,81.5,3,3539.469971,2627.469971,704.700012,448.130005
1/7/93,207339,336371.2,17.89,6.9,"-6,382",49.5,57,144.4,301,6.718,7.206,655,106.7,763.5,297.9,392.19,1084.6,3441.2,67.6707,3.06,1254,77,2.8,3651.25,2716.179932,742.840027,463.559998
1/8/93,209492,334404.4,18.01,6.8,"-5,581",49.7,60,144.8,156,6.6275,7.1125,645,107.16,697.1,437.1,378.84,1094.2,3444.9,67.5985,3.03,1300,77.3,2.8,3555.120117,2698.72998,762.780029,458.929993
1/9/93,201347,326018.2,17.5,6.7,"-7,031",57.4,62,145.1,240,6.44,6.915,726,107.38,704,461.9,355.28,1104.2,3451.4,67.9241,3.09,1343,77.9,2.7,3680.590088,2742.610107,779.26001,467.829987
1/10/93,212003,322287.8,18.15,6.8,"-6,594",54.7,66,145.7,286,6.374,6.834,704,107.53,717.3,547.6,364.18,1113.1,3455.8,68.439,2.99,1392,82.7,2.8,3683.949951,2694.080078,754.390015,461.790009
1/11/93,207349,325399.9,16.61,6.6,"-7,016",53.7,71,145.8,263,6.6875,7.155,769,107.7,667.6,551.3,373.83,1124.1,3469.2,68.7289,3.02,1376,81.2,2.7,3754.090088,2739.439941,776.799988,466.450012
1/12/93,212585,328422.6,14.52,6.5,"-5,719",49,71,145.8,312,6.682,7.172,812,107.9,661.1,494.3,383.3,1129.6,3473.6,69.0884,2.96,1533,88.2,2.7,3978.360107,2824.23999,800.469971,481.609985
1/1/94,211320,299392,15.03,6.6,"-6,207",52.4,70,146.2,271,6.565,7.06,619,107.85,606.1,529.7,386.88,1131.6,3473.8,69.3476,3.05,1272,94.3,2.5,3832.02002,2741.030029,792.5,467.140015
1/2/94,189569,314953.6,14.78,6.6,"-9,245",49.5,64,146.7,200,6.655,7.1525,686,107.99,698.6,584.2,381.91,1136.3,3474.5,69.3617,3.25,1337,93.2,2.5,3635.959961,2612.350098,743.460022,445.769989
1/3/94,209114,324234,14.68,6.5,"-6,466",57,61,147.2,465,7.1825,7.675,747,108.71,876.2,658.6,384.13,1140.1,3479,70.0831,3.34,1564,91.5,2.5,3681.689941,2647.23999,733.840027,450.910004
1/4/94,198363,330060.6,16.42,6.4,"-7,887",59.9,61,147.4,350,7.8,8.316,692,109.31,785.8,564.1,377.27,1141.1,3479.9,70.4425,3.56,1465,92.6,2.4,3758.370117,2667.120117,735.190002,456.5
1/5/94,207334,330510.6,17.89,6.1,"-7,728",38.4,59,147.5,333,8.0775,8.5975,691,109.84,814.5,608.3,381.43,1143.3,3489.3,70.824,4.01,1526,92.8,2.3,3624.959961,2592.26001,705.960022,444.269989
1/6/94,198318,342276.6,19.06,6.1,"-8,380",52.8,57,148,315,7.91,8.3975,621,110.47,871.4,613.7,385.64,1145.2,3477.9,71.2811,4.25,1409,91.2,2.5,3764.5,2671.139893,722.159973,458.26001
1/7/94,201527,336288.9,19.66,6.1,"-8,739",53.6,53,148.4,373,8.112,8.614,628,110.56,713.2,284.5,385.49,1150.7,3486.3,71.3953,4.26,1439,89,2.8,3913.419922,2770.209961,765.619995,475.48999
1/8/94,202869,343779.9,18.38,6,"-8,303",46.1,53,149,282,8.02,8.5125,656,110.93,782.3,539.6,380.36,1150.6,3483.7,71.8011,4.47,1450,91.7,2.9,3843.189941,2701.800049,764.289978,462.709991
1/9/94,198264,333013.4,17.45,5.9,"-8,310",50.5,50,149.4,353,8.132,8.64,677,110.77,741.8,558.9,391.58,1151.9,3484,72.0617,4.73,1474,91.5,3,3908.120117,2735.320068,777.48999,472.350006
1/10/94,206398,330463.6,17.72,5.8,"-9,158",56,49,149.5,213,8.3875,8.925,715,110.85,738,593.3,389.77,1150.2,3482.1,72.6829,4.76,1450,92.7,2.6,3739.22998,2626.620117,750.320007,453.690002
1/11/94,198850,329429.5,18.07,5.6,"-9,615",55,50,149.7,420,8.665,9.17,646,110.98,670.7,550.7,384.39,1150.9,3485,73.1379,5.29,1511,91.6,2.7,3834.439941,2653.370117,751.960022,459.269989
1/12/94,209550,334972.5,17.16,5.5,"-8,456",48,43,149.7,277,8.804,9.198,629,110.65,691.8,515.6,379.29,1150.7,3483.8,73.8818,5.45,1455,95.1,2.7,3843.860107,2706.129883,755.200012,470.420013
1/1/95,207148,305943.5,18.04,5.6,"-9,324",56.5,40,150.3,324,8.795,9.1475,626,110.73,581.3,547.2,378.55,1151.4,3489.4,74.0142,5.53,1407,97.6,2.8,4011.050049,2798.340088,793.72998,487.390015
1/2/95,190245,322421.1,18.57,5.4,"-8,817",51.3,42,150.9,204,8.46,8.8275,559,111.14,647.8,582.5,376.64,1147.4,3486.7,73.9247,5.92,1316,95.1,2.9,4157.689941,2865.899902,817.210022,500.709991
1/3/95,204613,331126.4,18.54,5.4,"-9,708",53.9,40,151.4,221,8.064,8.462,616,111.42,798.3,677.3,382.12,1146.7,3487.9,74.0284,5.98,1249,90.3,2.9,4321.27002,2932.199951,843.97998,514.710022
1/4/95,198111,329827.7,19.9,5.8,"-9,609",53.4,42,151.9,162,7.88,8.32,621,111.9,685.5,519.4,391.03,1149.3,3495.9,74.014,6.05,1267,92.5,3.1,4465.140137,3028.73999,864.580017,533.400024
1/5/95,205509,341311.1,19.74,5.6,"-9,090",49.7,43,152.2,-15,7.51,7.955,674,112.27,824.7,580.5,385.22,1145.3,3520.9,74.2239,6.01,1314,89.8,3.2,4556.100098,3085.840088,933.450012,544.75
1/6/95,197359,353167.9,18.45,5.6,"-10,623",50.3,45,152.5,234,7.062,7.566,725,113.09,852.3,573.7,387.56,1144.2,3545.7,74.4807,6,1281,92.7,3,4708.470215,3186.080078,1001.210022,562.059998
1/7/95,199912,343697.5,17.33,5.7,"-7,688",50.2,49,152.5,96,7.0875,7.6075,765,113.58,720.8,288.3,386.23,1145.5,3564,74.1902,5.85,1461,94.4,2.8,4610.560059,3193.27002,1020.109985,561.880005
1/8/95,199846,354811.1,18.02,5.7,"-6,704",50.1,50,152.9,253,7.36,7.86,701,113.93,805.9,504.4,383.67,1145.4,3585.5,75.1211,5.74,1416,96.2,2.6,4789.080078,3312.330078,1043.540039,584.409973
1/9/95,192484,337234.6,18.23,5.6,"-5,924",46.3,51,153.2,244,7.16,7.636,678,113.84,713.1,522.4,383.06,1142,3598.6,75.4216,5.8,1369,88.9,2.5,4755.47998,3273.72998,1036.060059,581.5
1/10/95,199055,338400.5,17.43,5.5,"-6,114",50.7,55,153.7,153,7.0075,7.475,696,113.76,698.6,579,383.14,1137.3,3609.7,75.3448,5.76,1369,90.2,2.8,5074.490234,3421.550049,1059.199951,605.369995
1/11/95,197559,337841,17.99,5.6,"-6,514",59,52,153.6,149,6.8875,7.3775,664,113.8,641.4,516.7,385.31,1134.1,3616.4,75.531,5.8,1452,88.2,2.6,5117.120117,3484.149902,1052.130005,615.929993
1/12/95,202428,333498.6,19.03,5.6,"-6,271",57,53,153.5,133,6.736,7.2,709,113.92,650.7,434.7,387.44,1127.5,3626.4,75.8317,5.6,1431,91,2.5,5395.299805,3595.389893,1059.790039,636.02002
1/1/96,201354,311386.5,18.86,5.6,"-8,465",55.8,54,154.4,-19,6.545,7.03,714,114.04,564.4,472.8,399.45,1123.5,3644.6,75.3347,5.56,1467,89.3,2.7,5485.620117,3624.669922,1100.050049,640.429993
1/2/96,190727,326881.1,19.09,5.5,"-7,319",48.7,49,154.9,432,6.56,7.075,769,114.2,687.7,541.2,404.76,1118.5,3658.7,76.5148,5.22,1491,88.5,2.7,5587.140137,3668.23999,1101.400024,645.5
1/3/96,203715,331178.9,21.33,5.5,"-7,756",53.5,59,155.7,267,7.114,7.624,721,114.97,789.5,420.8,396.21,1122.6,3683.8,76.4339,5.31,1424,93.7,2.8,5569.080078,3713.919922,1190.52002,654.169983
1/4/96,193317,342258.7,23.5,5.6,"-8,744",50.4,60,156.3,163,7.44,7.925,736,115.58,757.1,565.1,392.85,1124.8,3694.3,77.1163,5.22,1516,92.7,2.9,5643.180176,3794.169922,1243.430054,669.119995
1/5/96,198208,345818.8,21.17,5.6,"-9,259",58,61,156.6,322,7.578,8.07,746,116.21,867.2,610.7,391.93,1116.5,3705.4,77.695,5.24,1504,89.4,2.9,5654.629883,3798.080078,1185.02002,670.630005
1/6/96,193746,348403.5,20.42,5.3,"-7,460",58.5,59,156.7,287,7.8325,8.32,721,116.7,788.7,575.9,385.27,1115.2,3718.6,78.3435,5.27,1467,92.4,2.8,5528.910156,3623.620117,1080.589966,639.950012
1/7/96,196471,353754.4,21.3,5.5,"-10,132",36.7,58,157,249,7.7675,8.245,770,117.13,728.1,368.6,383.47,1112.4,3733.2,78.208,5.4,1472,94.7,3,5616.209961,3711.27002,1141.5,651.98999
1/8/96,197162,355688.7,21.9,5.1,"-10,357",56,56,157.3,179,7.518,8.002,826,117.09,745.1,543,387.35,1101.6,3740.1,78.6658,5.22,1557,95.3,2.9,5882.169922,3884.050049,1226.920044,687.330017
1/9/96,194456,335198.3,23.97,5.2,"-10,195",46.2,55,157.8,225,7.7525,8.23,770,117.1,691.8,518.2,383.14,1096.2,3748.5,79.1997,5.3,1475,94.7,3,6029.379883,3959.860107,1221.51001,705.27002
1/10/96,200907,344902.4,24.88,5.2,"-6,635",48.7,56,158.3,250,7.43,7.915,720,116.96,673.1,547.4,381.07,1085.7,3763.4,79.1389,5.24,1392,96.5,3,6521.700195,4212.890137,1292.609985,757.02002
1/11/96,194268,340286.4,23.71,5.4,"-7,268",49.9,54,158.6,299,7.142,7.618,771,117.07,586.3,489.1,377.85,1083.5,3783.8,79.8221,5.31,1489,99.2,3.3,6448.27002,4148.069824,1291.030029,740.73999
1/12/96,201685,337018.8,25.23,5.4,"-10,475",51.5,55,158.6,171,7.0975,7.5975,805,117.08,599.6,382.4,369,1081.3,3805.3,80.3307,5.29,1370,96.9,3.3,6813.089844,4356.169922,1379.849976,786.159973
1/1/97,198466,317585,25.13,5.3,"-11,269",50.5,54,159.1,234,7.328,7.824,830,116.91,608.6,483.8,355.11,1081.2,3820.1,80.4255,5.25,1355,97.4,3,6877.740234,4393.490234,1309,790.820007
1/2/97,182400,329821.2,22.18,5.2,"-9,776",52.9,52,159.6,303,7.15,7.65,801,117.19,644.6,511.8,346.58,1078.8,3831.9,81.4045,5.19,1486,99.7,3,6583.47998,4214.160156,1221.699951,757.119995
1/3/97,200013,335799.6,20.97,5.2,"-8,383",51.8,57,160,316,7.405,7.8975,831,118.15,762.3,500.8,351.81,1072.5,3846.8,81.9717,5.39,1457,100,2.8,7009,4408.609863,1260.76001,801.340027
1/4/97,193239,344051.8,19.7,5.1,"-8,086",53.6,56,160.2,292,7.675,8.1425,744,118.67,694.7,553.7,344.47,1063.9,3862.6,82.0209,5.51,1492,101.4,2.5,7331,4671.259766,1400.319946,848.280029
1/5/97,200702,348075.6,20.82,4.9,"-8,394",54.2,55,160.1,260,7.472,7.944,760,119.48,767.3,533.6,343.84,1063.8,3874.2,82.5095,5.5,1442,103.2,2.2,7672.799805,4889.720215,1442.069946,885.140015
1/6/97,193252,351113.5,19.26,5,"-7,154",55.8,56,160.3,266,7.235,7.69,793,119.94,735.4,496.1,340.76,1066.1,3890.9,82.9253,5.56,1494,104.5,2.3,8222.599609,5228.709961,1593.810059,954.309998
1/7/97,198691,363440,19.66,4.9,"-7,033",55.2,55,160.5,306,7.0375,7.4975,805,120.24,735,340.1,324.1,1065.5,3908.9,83.5464,5.52,1437,107.1,2.2,7622.399902,4974.72998,1587.319946,899.469971
1/8/97,196769,358387.5,19.95,4.8,"-8,743",53.2,58,160.8,-31,7.016,7.48,815,120.63,735.6,490.4,324.01,1075.3,3942.8,84.434,5.54,1390,104.4,2.2,7945.299805,5257.580078,1685.689941,947.280029
1/9/97,194575,343092.7,19.8,4.9,"-9,269",40.8,59,161.2,512,6.9875,7.43,840,120.4,663.6,496.9,322.82,1066.9,3958.4,85.1978,5.54,1546,106,2.2,7442.100098,5087.439941,1593.609985,914.619995
1/10/97,200482,351432.4,21.33,4.7,"-9,089",48.5,59,161.6,340,6.848,7.294,800,120.83,659.8,573.7,324.87,1065.6,3977.5,85.9177,5.5,1520,105.6,2.1,7823.100098,5277.350098,1600.550049,955.400024
1/11/97,193778,337550.4,20.19,4.6,"-9,786",57.8,58,161.5,306,6.76,7.205,864,120.96,558.5,466.8,306.04,1070.9,4000,86.6748,5.52,1510,107.2,1.8,7908.299805,5405.189941,1570.349976,970.429993
1/12/97,202464,348581.1,18.33,4.7,"-11,289",54,60,161.3,303,6.6625,7.095,793,121.05,652.3,430.6,288.74,1072.3,4018,86.9454,5.5,1566,102.1,1.7,7906.5,5399.259766,1619.359985,980.280029
1/1/98,202756,323496,16.72,4.6,"-10,776",51.7,60,161.6,276,6.576,6.994,872,121.16,522.5,433.8,289.1,1074,4041.2,87.3838,5.56,1525,106.6,1.6,8545.719727,5754.859863,1770.51001,1049.339966
1/2/98,181321,335167.1,16.06,4.6,"-11,564",56.5,65,161.9,196,6.6375,7.0425,866,122.05,611.6,456.7,297.49,1077.8,4073.8,87.482,5.51,1584,110.4,1.4,8799.80957,6056.419922,1835.680054,1101.75
1/3/98,198639,343963.5,15.12,4.7,"-12,880",53.5,66,162.2,151,6.7425,7.1275,836,122.92,719.9,510.7,295.94,1076.9,4099.3,87.552,5.49,1567,106.5,1.4,9063.370117,6104.950195,1868.410034,1111.75
1/4/98,194483,351645.5,15.35,4.3,"-13,940",50.3,67,162.5,280,6.78,7.14,866,123.82,706.7,476.1,308.29,1076.5,4125.1,87.854,5.45,1540,108.7,1.4,8899.950195,5977.120117,1778.869995,1090.819946
1/5/98,196754,355069.1,14.91,4.4,"-14,202",52.9,67,162.8,404,6.784,7.144,887,124.75,789.1,481.1,299.1,1079.1,4148.7,88.4226,5.49,1536,106.5,1.7,8952.019531,6119.339844,1894.73999,1133.839966
1/6/98,188018,368321.4,13.72,4.5,"-13,247",52.3,70,163,219,6.6675,6.9975,923,125.95,813.9,407.5,292.32,1076.3,4168.5,87.8558,5.56,1641,105.6,1.7,8883.290039,5977.009766,1872.390015,1120.670044
1/7/98,192026,370309.5,14.17,4.5,"-13,949",57.3,71,163.2,129,6.624,6.952,876,126.2,630.7,233.9,292.87,1075.1,4188.3,87.5421,5.54,1698,105.2,1.7,7539.069824,5081.72998,1499.25,957.280029
1/8/98,192282,363216.5,13.47,4.5,"-16,028",51,72,163.4,342,6.6125,6.9225,846,126.71,669.8,505.8,284.11,1075.9,4212.7,89.3341,5.55,1614,104.4,1.6,7842.620117,5334.129883,1693.839966,1017.01001
1/9/98,173676,355466.6,15.03,4.6,"-14,820",44.1,71,163.6,223,6.4025,6.7225,864,127.16,680.2,545.6,288.98,1079.9,4250.9,89.1794,5.51,1582,100.9,1.5,8592.099609,5745.240234,1771.390015,1098.670044
1/10/98,190420,359486.6,14.46,4.5,"-14,815",43.9,73,164,199,6.364,6.71,893,127.44,708.3,564.3,295.93,1086,4290.7,89.8907,5.07,1715,97.4,1.5,9116.549805,6042.890137,1949.540039,1163.630005
1/11/98,184198,347231.3,13,4.4,"-15,173",56.7,77,164,282,6.505,6.865,995,127.96,555.9,442.4,294.12,1094.9,4329.7,89.8458,4.83,1660,102.7,1.5,9181.429688,6299.930176,2192.689941,1229.22998
1/12/98,187347,356435.4,11.35,4.4,"-14,745",55.8,78,163.9,346,6.39,6.738,949,128.18,676.3,434.4,291.68,1095,4358.5,90.1893,4.68,1792,100.5,1.6,9358.830078,6348.890137,2505.889893,1279.640015
1/1/99,184864,323265.9,12.52,4.3,"-15,946",52.4,75,164.3,126,6.425,6.785,875,128.7,543.5,422.4,287.08,1098.1,4385.5,90.6043,4.63,1748,103.9,1.7,9306.580078,6201.069824,2288.030029,1238.329956
1/2/99,167034,347337.8,12.01,4.4,"-18,786",56.4,71,164.5,410,6.4375,6.8075,848,129.19,666.9,452.5,287.33,1096.7,4408.3,91.0816,4.76,1670,108.1,1.6,9786.160156,6382.200195,2461.399902,1286.369995
1/3/99,182362,357105.4,14.68,4.2,"-17,900",57.4,71,165,107,6.675,7.04,863,130.23,784,548.1,285.96,1096.6,4415.3,91.235,4.81,1710,105.7,1.7,10789.04004,6706.919922,2542.860107,1335.180054
1/4/99,176616,359659.2,17.31,4.3,"-18,254",33.3,71,166.2,376,6.528,6.916,918,131.23,732.6,490.6,282.62,1101.6,4443.3,91.4677,4.74,1553,104.6,2.3,10559.74023,6579.609863,2470.52002,1301.839966
1/5/99,182122,360674.8,17.72,4.2,"-20,229",50.5,75,166.2,211,6.7475,7.145,888,132.46,826.3,476.2,276.44,1103.8,4467.3,92.1525,4.74,1611,106.8,2.1,10970.79981,6853.149902,2686.120117,1372.709961
1/6/99,172808,373982,17.92,4.3,"-23,115",50.2,77,166.2,260,7.1775,7.55,923,133.53,825.8,511,261.31,1099.8,4488.8,92.0042,4.76,1559,107.3,2,10655.15039,6619.899902,2638.48999,1328.719971
1/7/99,179738,373161.5,20.1,4.3,"-23,421",51.2,75,166.7,326,7.256,7.632,900,134.19,765.9,283,256.08,1099.1,4515.8,92.5769,4.99,1669,106,2.1,10829.28027,6474.609863,2739.350098,1320.410034
1/8/99,179187,368014.3,21.28,4.2,"-22,977",51.4,72,167.1,160,7.5275,7.9425,893,134.93,792.2,495.9,256.69,1099.2,4533,92.9517,5.07,1648,104.5,2.3,10336.9502,6268,2746.159912,1282.709961
1/9/99,174113,357659.4,23.8,4.2,"-22,899",45.3,72,167.9,214,7.4425,7.8225,826,135,710.2,492.7,264.74,1096.5,4548.8,92.5954,5.22,1635,107.2,2.6,10729.86035,6613.549805,2966.429932,1362.930054
1/10/99,184361,357262.6,22.69,4.1,"-23,531",42.3,69,168.2,400,7.466,7.852,872,135.62,683,511.7,310.72,1103.3,4572.2,93.8128,5.2,1608,103.2,2.6,10877.80957,6673.930176,3336.159912,1388.910034
1/11/99,178811,354350.4,25,4.1,"-25,224",55.8,70,168.3,293,7.355,7.7375,863,135.79,633.3,480,293.18,1110.7,4591.6,94.2587,5.42,1648,107.2,2.6,11497.12012,6876.100098,4069.310059,1469.25
1/12/99,184716,375695.1,26.1,4,"-26,337",52.6,70,168.3,296,7.522,7.912,873,136.03,674,413.4,283.07,1122.2,4619,94.9777,5.3,1708,105.4,2.7,10940.53027,6574.009766,3940.350098,1394.459961
1/1/00,179316,311407.7,27.26,4,"-27,088",52.3,69,168.8,230,7.8025,8.21,873,137.4,616.7,443.6,284.32,1122,4647.2,94.9864,5.45,1636,112,2.7,10128.30957,6266.419922,4696.689941,1366.420044
1/2/00,169703,345228.4,29.37,4.1,"-29,930",48.7,68,169.8,130,7.9325,8.325,856,137.2,763.5,482.4,299.86,1108.4,4660.6,95.2576,5.73,1737,111.3,3.2,10921.91992,6848.609863,4572.830078,1498.579956
1/3/00,183464,347882.2,29.84,4,"-31,154",49.6,64,171.2,468,7.832,8.24,900,138.76,830.2,547.5,286.39,1107.1,4691.5,95.6407,5.85,1604,107.1,3.8,10733.91016,6811.169922,3860.659912,1452.430054
1/4/00,175625,349434.7,25.72,3.8,"-28,800",50.2,63,171.3,287,7.8,8.1525,841,140.04,770.1,449,279.69,1115,4747.3,96.3318,6.02,1626,109.2,3.1,10522.33008,6805.25,3400.909912,1420.599976
1/5/00,181242,365731.5,28.79,4,"-29,813",50.7,63,171.5,227,8.1825,8.515,857,141.17,828,527.4,275.19,1105.4,4734.6,96.5139,6.27,1575,110.7,3.2,10447.88965,6798.169922,3966.110107,1454.599976
1/6/00,174686,371614.6,31.82,4,"-30,966",50.5,58,172.4,-47,7.992,8.288,793,142.62,835.2,520.9,285.73,1102.9,4752.1,96.5856,6.53,1559,106.4,3.7,10521.98047,6773.850098,3766.98999,1430.829956
1/7/00,177920,362793.6,29.7,4,"-31,426",51.5,59,172.8,176,7.865,8.1475,887,143.33,738.4,279.6,281.59,1103.8,4770,96.4624,6.54,1463,108.3,3.7,11215.09961,7132.299805,4206.350098,1517.680054
1/8/00,179451,372249.6,31.26,4.1,"-30,035",52.9,60,172.8,-10,7.7625,8.0275,848,143.78,796.3,513.2,274.47,1100.3,4798.4,96.1414,6.5,1541,107.3,3.4,10650.91992,7010.810059,3672.820068,1436.51001
1/9/00,172731,354559.1,33.88,3.9,"-34,018",61.4,60,173.7,136,7.604,7.912,912,144.4,742.5,475,273.68,1100,4834.2,96.5318,6.52,1507,106.8,3.5,10971.13965,7042.319824,3369.629883,1429.400024
1/10/00,180080,354874.6,33.11,3.9,"-33,224",42.1,62,174,-14,7.47,7.795,933,144.92,659.2,497.2,270,1098.9,4850.1,96.2532,6.51,1549,105.8,3.4,10414.49023,6659.120117,2597.929932,1314.949951
1/11/00,174980,353150.8,34.42,3.9,"-32,607",54.9,63,174.1,226,7.4175,7.745,880,145.37,593.7,411.9,266.01,1092.4,4860.6,96.2769,6.51,1551,107.6,3.4,10787.99023,6945.569824,2470.52002,1320.280029
1/12/00,181508,357733,28.44,3.9,"-33,454",54.9,57,174,142,7.056,7.382,983,145.76,603.9,323.3,271.45,1088.5,4905,96.0165,6.4,1532,98.4,3.4,10887.36035,7017.149902,2772.72998,1366.01001
1/1/01,179767,332311.3,29.59,4.2,"-34,817",54.3,52,175.1,-26,6.64,7.0325,936,146.43,586.8,404,265.49,1096.5,4955.3,95.3542,5.98,1600,94.7,3.7,10495.28027,6629.089844,2151.830078,1239.939941
1/2/01,161843,348254.2,29.61,4.2,"-29,349",52.1,58,175.8,72,6.64,7.05,963,147.39,695.2,386,261.87,1100.8,4993,94.7736,5.49,1625,90.6,3.5,9878.780273,6298.350098,1840.26001,1160.329956
1/3/01,182290,355063.7,27.25,4.3,"-32,732",53.1,60,176.2,-25,6.508,6.952,939,148.75,783.9,469.8,263.03,1108.3,5050.3,94.5456,5.31,1590,91.5,2.9,10734.96973,6712.52002,2116.23999,1249.459961
1/4/01,175879,360513.3,27.49,4.4,"-31,217",59.2,59,176.9,-281,6.595,7.0775,909,149.97,684.5,414.3,260.48,1115.8,5113.7,94.3111,4.8,1649,88.4,3.3,10911.94043,6784.850098,2110.48999,1255.819946
1/5/01,180712,365689.1,28.63,4.3,"-27,446",56.3,58,177.7,-38,6.675,7.145,885,151.2,808.9,488.1,272.36,1119.2,5110.9,93.6876,4.21,1605,92,3.6,10502.40039,6574.319824,2160.540039,1224.380005
1/6/01,172974,374951.2,27.6,4.5,"-29,140",35.7,59,178,-131,6.7,7.16,882,152.44,804.3,443.6,270.23,1126.9,5151.1,93.1114,3.97,1636,92.6,3.2,10522.80957,6523.359863,2027.130005,1211.22998
1/7/01,178208,372548.6,26.43,4.6,"-30,081",49.1,57,177.5,-112,6.6825,7.1275,880,153.31,660.6,249.6,267.53,1139.3,5181,92.586,3.77,1670,92.4,2.7,9949.75,6215.660156,1805.430054,1133.579956
1/8/01,177488,381999.3,27.37,4.9,"-28,171",51.6,59,177.5,-157,6.5,6.95,866,153.9,720.2,430.5,272.39,1150.3,5214.8,92.4101,3.65,1567,91.5,2.7,8847.55957,5750.419922,1498.800049,1040.939941
1/9/01,171270,356021.6,26.2,5,"-31,141",53.2,55,178.3,-240,6.34,6.8175,853,154.46,635.1,373.9,283.42,1206,5325.9,92.0924,3.07,1562,81.8,2.6,9075.139648,5776.850098,1690.199951,1059.780029
1/10/01,178129,367685.3,22.17,5.3,"-30,839",60.6,46,177.7,-325,6.0975,6.6175,871,155.04,807,433,283.06,1165.9,5312.1,91.6854,2.49,1540,82.7,2.1,9851.55957,6125.040039,1930.579956,1139.449951
1/11/01,176441,362764.8,19.64,5.5,"-29,737",54.7,48,177.4,-293,6.146,6.658,924,155,597.1,394.2,276.16,1171,5355.5,91.2155,2.09,1602,83.9,1.9,10021.57031,6236.390137,1950.400024,1148.079956
1/12/01,182511,361098.1,19.39,5.7,"-26,839",57.7,55,176.7,-170,6.5425,7.065,979,155.55,568.5,321.1,275.85,1183.1,5408.4,91.2654,1.82,1568,88.8,1.6,9920,6116.899902,1934.030029,1130.199951
1/1/02,182076,345610.1,19.72,5.7,"-29,355",55.8,58,177.1,-138,6.48,6.9975,880,156.12,521.1,410.8,281.51,1190.2,5428.8,91.7848,1.73,1698,93,1.1,10106.12988,6117.959961,1731.48999,1106.72998
1/2/02,164666,360267.8,20.72,5.7,"-32,287",52.2,58,177.8,-134,6.375,6.8925,948,157,620,434.7,295.5,1190,5457.9,91.8034,1.74,1829,90.7,1.1,10403.94043,6348.790039,1845.349976,1147.390015
1/3/02,182460,361490.8,24.53,5.7,"-30,825",50.8,62,178.8,-20,6.516,7.014,923,158.56,737.9,438.3,294.06,1192.5,5470.1,92.5295,1.73,1642,95.7,1.5,9946.219727,6071.220215,1688.22998,1076.920044
1/4/02,175333,372778.4,26.18,5.9,"-33,666",53.4,61,179.8,-79,6.475,6.985,936,159.88,712.9,476.1,302.68,1185.6,5470.1,92.9204,1.75,1592,93,1.6,9925.25,6035.27002,1615.72998,1067.140015
1/5/02,183057,380735.8,27.04,5.8,"-33,921",53.8,61,179.8,-7,6.28,6.806,978,161.58,753.2,486.6,314.49,1190.4,5495.7,93.2998,1.75,1764,96.9,1.2,9243.259766,5636.540039,1463.209961,989.820007
1/6/02,176532,382719.3,25.52,5.8,"-34,900",55.6,61,179.9,57,6.105,6.65,957,163.13,755.7,441.7,321.18,1194.1,5519.9,94.1905,1.75,1717,92.4,1.1,8736.589844,5195.609863,1328.26001,911.619995
1/7/02,178275,384409,26.97,5.8,"-33,650",56,61,180.1,-85,5.93,6.485,956,164.22,735,310,313.29,1199.8,5562.3,93.9664,1.73,1655,88.1,1.5,8663.5,5239.810059,1314.849976,916.070007
1/8/02,179670,389738,28.39,5.7,"-35,743",51.1,55,180.7,-14,5.702,6.29,"1,014",165.14,822.5,426.4,310.26,1187.3,5604.6,93.9897,1.74,1633,87.6,1.8,7591.930176,4709.959961,1172.060059,815.280029
1/9/02,162336,362285.1,29.66,5.7,"-36,519",59,63,181,-59,5.5075,6.0925,"1,044",165.9,597.9,406.2,319.14,1196.4,5629.4,94.1275,1.75,1804,86.1,1.5,8397.030273,5000.319824,1329.75,885.76001
1/10/02,166105,374162.4,28.84,5.7,"-35,171",51.5,61,181.3,126,5.5,6.1125,"1,006",166.62,599.3,458.8,316.56,1204.1,5673.6,93.7988,1.75,1648,80.6,2,8896.089844,5236.850098,1478.780029,936.309998
1/11/02,168706,366073.6,26.35,5.9,"-39,624",60.8,62,181.3,10,5.464,6.068,"1,024",167.02,566.6,375.1,319.07,1209.8,5723.2,94.2885,1.34,1753,84.2,2.2,8341.629883,5000,1335.51001,879.820007
1/12/02,177372,362595.5,29.46,6,"-43,294",56.3,63,180.9,-157,5.45,6.0475,"1,048",167.68,620,292.6,331.92,1219.9,5744.2,93.8334,1.24,1788,86.7,2.4,8053.810059,4868.680176,1320.910034,855.700012
1/1/03,178412,347064.9,32.95,5.8,"-40,740",58.4,62,181.7,92,5.304,5.916,999,168.24,539.7,422,356.86,1226.7,5776.9,94.3584,1.24,1853,82.4,2.6,7891.080078,4716.069824,1337.52002,841.150024
1/2/03,161920,351393.3,35.83,5.9,"-39,363",50.9,63,183.1,-150,5.22,5.8425,936,169.34,575,365.9,358.97,1237.3,5812.9,94.6468,1.26,1629,79.9,3,7992.129883,4730.209961,1341.170044,848.179993
1/3/03,179907,354496.3,33.51,5.9,"-43,355",49,56,184.2,-209,5.065,5.745,999,170.56,687.2,389.3,340.55,1238.4,5833.6,94.4394,1.25,1726,77.6,3,8480.089844,5131.560059,1464.310059,916.919983
1/4/03,171774,364468.4,28.17,6,"-41,987",51.5,55,183.8,-44,5.1175,5.8125,"1,012",172.13,648.6,376.5,328.18,1248.4,5870.6,93.764,1.26,1643,86,2.2,8850.259766,5435.370117,1595.910034,963.590027
1/5/03,175568,377611.2,28.11,6.1,"-40,779",51.5,60,183.5,-8,4.86,5.484,"1,078",173.8,721.9,401.2,355.68,1269.7,5931.5,93.7793,1.26,1751,92.1,2.1,8985.44043,5505.169922,1622.800049,974.5
1/6/03,169772,380903.5,30.66,6.3,"-39,621",59.6,63,183.7,9,4.6275,5.23,"1,193",175.21,683.8,386,356.35,1281.7,5968.2,93.9277,1.22,1867,89.7,2.1,9233.799805,5558.990234,1735.02002,990.309998
1/7/03,170452,389831.3,30.76,6.2,"-41,363",56.2,65,183.9,24,4.9675,5.6325,"1,168",176.52,674.6,263.9,351.02,1287.7,6014.9,94.3114,1.01,1897,90.9,2.1,9415.820312,5660.160156,1810.449951,1008.01001
1/8/03,172787,390542.3,31.57,6.1,"-39,802",50.5,67,184.6,-42,5.588,6.264,"1,206",177.67,732.1,358.8,359.77,1296.3,6072.7,94.138,1.03,1833,89.3,2.2,9275.05957,5644.029785,1786.939941,995.969971
1/9/03,168270,375971.4,28.31,6.1,"-41,706",52.2,67,185.2,104,5.4575,6.1475,"1,131",178.83,592.4,415.6,378.95,1297.1,6044.8,94.7363,1.01,1939,87.7,2.3,9801.120117,5959.009766,1932.209961,1050.709961
1/10/03,174020,382446.5,30.34,6,"-41,271",59,69,185,198,5.274,5.952,"1,144",179.4,569.7,432.2,378.92,1297.5,6035.1,94.8514,1.01,1967,89.6,2,9782.459961,6073.02002,1960.26001,1058.199951
1/11/03,166397,364938.8,31.11,5.8,"-39,841",52.6,68,184.5,17,5.2725,5.9325,"1,093",180.14,554.1,337.1,389.91,1299.1,6039.7,95.6337,1,2083,93.7,1.8,10453.91992,6464,2003.369995,1111.920044
1/12/03,172715,369796.2,32.13,5.7,"-44,064",53.9,69,184.3,122,5.204,5.876,"1,129",181.07,576.5,305.1,406.95,1305.8,6037.4,95.5638,0.98,2057,92.6,1.9,10488.07031,6551.629883,2066.149902,1131.130005
1/1/04,173132,347495.3,34.31,5.7,"-44,352",51.3,68,185.2,162,5.015,5.7125,"1,165",181.73,491.1,321.9,413.79,1305.5,6045.7,95.7472,1,1911,103.8,1.9,10583.91992,6692.370117,2029.819946,1144.939941
1/2/04,161583,354176.8,34.69,5.6,"-44,322",48.2,66,186.2,46,4.9375,5.635,"1,159",183.22,578,366.5,404.88,1320.7,6084.6,96.3214,1.01,1846,94.4,1.7,10357.7002,6599.060059,1994.219971,1126.209961
1/3/04,174115,368985.9,36.74,5.8,"-46,484",36,66,187.4,332,4.74,5.445,"1,276",185.16,687.5,422.1,406.67,1327.9,6120.6,95.8684,1,1998,95.8,1.7,10225.57031,6439.419922,1920.150024,1107.300049
1/4/04,166810,375386.6,36.75,5.6,"-47,479",50.4,69,188,249,5.158,5.83,"1,186",187.33,639.7,385.1,403.26,1331,6160.8,96.2677,1,2003,94.2,2.3,10188.4502,6484.720215,1986.73999,1120.680054
1/5/04,172235,373860.7,40.28,5.6,"-48,169",56.5,69,189.1,308,5.6375,6.27,"1,241",190.01,740.5,348.4,383.78,1334.1,6237.5,97.0723,1,1981,90.2,3.1,10435.48047,6602.990234,2047.790039,1140.839966
1/6/04,162208,383443.8,38.03,5.6,"-54,702",56.9,68,189.7,76,5.66,6.2875,"1,180",192.57,668,369.2,392.37,1342.9,6239.3,96.2562,1.03,1828,95.6,3.3,10139.70996,6403.149902,1887.359985,1101.719971
1/7/04,170011,385513.2,40.78,5.5,"-51,293",57.4,67,189.4,44,5.464,6.056,"1,088",194.15,681.4,234.8,398.09,1340.5,6252.4,97.0032,1.26,2002,96.7,3,10173.91992,6454.220215,1838.099976,1104.23999
1/8/04,165072,384187.7,44.9,5.4,"-53,316",53,70,189.5,121,5.26,5.8675,"1,175",195.42,636.6,374.6,400.51,1353.8,6278.2,97.0723,1.43,2024,95.9,2.7,10080.26953,6570.25,1896.839966,1114.579956
1/9/04,152444,375697.2,45.94,5.4,"-51,489",52.4,67,189.9,164,5.144,5.754,"1,214",196.53,605.7,374.7,405.28,1362,6313.1,97.1565,1.61,1905,94.2,2.5,10027.46973,6692.709961,1974.98999,1130.199951
1/10/04,160270,370616,53.28,5.5,"-54,961",50.6,69,190.9,346,5.115,5.7225,"1,305",197.39,583.9,350.2,420.46,1361.8,6341.2,98.0701,1.76,2072,91.7,3.2,10428.01953,7005.720215,2096.810059,1173.819946
1/11/04,162699,368125.1,48.47,5.4,"-58,819",55.3,70,191,64,5.135,5.73,"1,179",198.55,518.4,317.5,439.38,1374.7,6368.4,98.2541,1.93,1782,92.8,3.5,10783.00977,7250.060059,2175.439941,1211.920044
1/12/04,170815,379501.7,43.15,5.4,"-54,500",56.4,71,190.3,130,5.178,5.752,"1,242",199.51,651.6,300.8,442.08,1375.8,6387.4,98.9703,2.16,2042,97.1,3.3,10489.94043,7089.830078,2062.409912,1181.27002
1/1/05,168831,350388.6,46.84,5.3,"-55,561",54.9,70,190.7,134,5.1725,5.71,"1,203",200.23,487.3,339.9,424.03,1367.2,6393.8,99.417,2.28,2144,95.5,3,10766.23047,7321.22998,2051.719971,1203.599976
1/2/05,154038,369812.3,48.15,5.4,"-57,454",48.9,69,191.8,239,5.15,5.6275,"1,319",201.95,572.1,372,423.35,1371,6401.9,100.0955,2.5,2207,94.1,3,10503.75977,7167.529785,1999.22998,1180.589966
1/3/05,173626,378044.4,54.19,5.2,"-52,619",58.2,70,193.3,136,5.464,5.928,"1,328",204.86,718.9,385.9,433.85,1370.3,6410.4,99.9283,2.63,1864,92.6,3.1,10192.50977,7008.319824,1921.650024,1156.849976
1/4/05,166885,380809.4,52.98,5.2,"-57,115",58.8,67,194.6,365,5.4075,5.855,"1,260",207.38,714.2,376.2,429.23,1357.2,6424.8,100.0742,2.79,2061,87.7,3.5,10467.48047,7134.330078,2068.219971,1191.5
1/5/05,173491,388167.8,49.83,5.1,"-56,264",48.5,70,194.4,174,5.28,5.72,"1,286",210.12,690.2,363.2,421.87,1366.2,6441.2,100.2414,3,2025,86.9,2.8,10274.96973,7217.779785,2056.959961,1191.329956
1/6/05,163263,395341.8,56.35,5,"-58,260",52.8,72,194.5,247,5.168,5.582,"1,274",212.59,704.6,402.3,430.66,1379.3,6473.1,100.6437,3.04,2068,96,2.5,10640.91016,7476.660156,2184.830078,1234.180054
1/7/05,162854,390661.6,59,5,"-58,063",50,70,195.4,376,5.2775,5.695,"1,389",214.56,711.4,227.2,424.48,1367.5,6504,100.3278,3.26,2054,96.5,3.2,10481.59961,7496.089844,2152.090088,1220.329956
1/8/05,161153,399133.6,64.99,4.9,"-58,388",55.2,67,196.4,194,5.4,5.82,"1,255",216.09,697.4,399.2,437.93,1377.2,6536.2,100.5151,3.5,2095,89.1,3.6,10568.7002,7632.97998,2151.689941,1228.810059
1/9/05,126417,368882.3,65.59,5,"-64,923",56.4,65,198.8,68,5.358,5.774,"1,244",217.52,645.4,378.3,456.05,1377.3,6569.6,98.6063,3.62,2151,76.9,4.7,10440.07031,7433.120117,2120.300049,1207.01001
1/10/05,141200,368895.1,62.26,5,"-67,140",55.8,68,199.2,85,5.625,6.065,"1,336",218.07,560.8,374.9,469.9,1375.8,6604.3,99.8695,3.78,2065,74.2,4.3,10805.87012,7645.279785,2232.820068,1249.47998
1/11/05,145708,373805.8,58.32,5,"-64,090",53.2,61,197.6,337,5.8625,6.33,"1,214",218.61,541,344.1,476.67,1377.1,6623.9,100.9014,4,2147,81.6,3.5,10717.5,7753.950195,2205.320068,1248.290039
1/12/05,154630,377060.1,59.41,4.9,"-64,366",51,57,196.8,159,5.816,6.272,"1,239",219.1,617,302.7,510.1,1374.9,6651.2,101.4873,4.16,1994,91.5,3.4,10864.86035,8106.549805,2305.820068,1280.079956
1/1/06,156480,349490.1,65.49,4.7,"-66,680",53,57,198.3,278,5.71,6.145,"1,174",219.7,558.8,365.4,549.86,1380.8,6693.4,101.6088,4.29,2273,91.2,4,10993.41016,8060.609863,2281.389893,1280.660034
1/2/06,140894,370808.1,61.63,4.8,"-62,851",49.2,56,198.7,316,5.86,6.2525,"1,061",220.6,569.3,368.5,555,1379.3,6717.6,101.6839,4.49,2119,86.7,3.6,11109.32031,8233.200195,2339.790039,1294.869995
1/3/06,155842,375222.1,62.69,4.7,"-62,574",59.3,54,199.8,281,5.968,6.324,"1,116",222.32,690.7,443.8,557.09,1383.2,6730.6,101.8522,4.59,1969,88.9,3.4,11367.13965,8471.429688,2322.570068,1310.609985
1/4/06,152450,379166.5,69.44,4.7,"-62,844",57.2,51,201.5,183,6.155,6.5075,"1,123",223.77,711.4,353.1,610.65,1380.8,6769.3,102.2952,4.79,1821,87.4,3.5,11168.30957,8189.109863,2178.879883,1270.089966
1/5/06,159667,381539.6,70.84,4.6,"-64,844",36.6,46,202.5,23,6.205,6.5975,"1,086",225.55,729.7,400.8,675.39,1386.9,6774.4,102.1531,4.94,1942,79.1,4.2,11150.21973,8169.069824,2172.090088,1270.199951
1/6/06,154884,391007,70.95,4.6,"-63,481",52,42,202.9,82,6.306,6.682,"1,074",226.23,713.1,380.7,596.15,1373.2,6810.9,102.522,4.99,1802,84.9,4.3,11185.67969,8242.120117,2091.469971,1276.660034
1/7/06,157919,384612.7,74.41,4.7,"-66,525",58.5,39,203.5,207,6.39,6.7625,965,226.09,711.4,218,633.71,1369.6,6851.4,102.5057,5.24,1737,84.7,4.1,11381.15039,8388.55957,2183.75,1303.819946
1/8/06,156232,392482.4,73.04,4.7,"-67,823",49,33,203.9,181,6.198,6.524,"1,035",226.51,719.4,396.4,632.59,1371.2,6881,102.8357,5.25,1650,82,3.8,11679.07031,8469.650391,2258.429932,1335.849976
1/9/06,150926,377389,63.8,4.5,"-64,936",49.2,30,202.9,158,6.0775,6.4025,"1,016",225.8,634.7,367.4,598.19,1362.5,6907,102.6606,5.25,1720,85.4,2.1,12080.73047,8774.980469,2366.709961,1377.939941
1/10/06,158353,378363.4,58.89,4.4,"-58,990",55.7,31,201.8,4,6.05,6.3575,941,225.47,544.8,396,585.78,1369.2,6957,102.6297,5.25,1491,93.6,1.3,12221.92969,8969,2431.77002,1400.630005
1/11/06,151926,377075.1,59.08,4.5,"-58,575",55.5,33,201.5,208,5.956,6.24,"1,003",225.16,534.1,331.9,627.83,1372.5,6997.5,102.539,5.25,1570,92.1,2,12463.15039,9139.019531,2415.290039,1418.300049
1/12/06,160768,373946.3,61.96,4.4,"-61,592",48.2,33,201.8,171,5.88,6.135,998,224.42,643.9,289.5,629.79,1368.2,7041.4,103.6229,5.24,1649,91.7,2.5,12621.69043,9254.730469,2463.929932,1438.23999
1/1/07,158227,359050.7,54.51,4.6,"-57,656",54.9,35,202.4,240,5.965,6.2175,891,224.19,506.4,348.8,631.17,1374.3,7078.6,103.1171,5.25,1409,96.9,2.1,12268.62988,9124.540039,2416.149902,1406.819946
1/2/07,143294,372551.8,59.28,4.5,"-58,478",49.3,39,203.5,90,6.02,6.285,828,224.79,560.6,326.9,664.75,1364.5,7093.7,104.172,5.26,1480,91.3,2.4,12354.34961,9261.820312,2421.639893,1420.859985
1/3/07,158698,376284.7,60.44,4.4,"-61,797",58,36,205.4,189,5.884,6.156,833,226.7,718.9,352.3,654.9,1366.7,7124.3,104.3501,5.26,1495,88.4,2.8,13062.91016,9627.730469,2525.090088,1482.369995
1/4/07,155500,374146.1,63.98,4.5,"-60,514",59,33,206.7,79,5.8825,6.18,887,227.82,622.9,313.8,679.37,1377.9,7199.4,105.0975,5.25,1490,87.1,2.6,13627.63965,9978.639648,2604.52002,1530.619995
1/5/07,161337,385243.6,63.46,4.4,"-59,288",59.4,30,207.9,143,5.968,6.262,842,228.13,776.1,340.8,667.31,1379.6,7211.9,105.1436,5.25,1415,88.3,2.7,13408.62012,9873.019531,2603.22998,1503.349976
1/6/07,152143,390003.8,67.49,4.6,"-59,520",59.2,28,208.4,78,6.34,6.6575,793,228.1,716.5,348.1,655.66,1364.4,7243.7,105.1474,5.25,1448,85.3,2.7,13211.99023,9554.5,2546.27002,1455.27002
1/7/07,156139,381336.7,74.12,4.7,"-59,914",51.6,24,208.3,-33,6.36,6.695,778,226.78,617.4,244.8,665.38,1367.3,7272.8,105.1149,5.26,1354,90.4,2.4,13357.74023,9596.980469,2596.360107,1473.98999
1/8/07,154508,391683.3,72.36,4.6,"-57,005",48.6,22,207.9,-24,6.234,6.572,699,225.62,679,355.7,665.41,1374.7,7348,105.3166,5.02,1330,83.4,2,13895.62988,10039.28027,2701.5,1526.75
1/9/07,147050,375442.7,79.92,4.7,"-57,794",47.5,20,208.5,88,6.0475,6.3825,686,223.84,611.5,288.2,712.65,1372.8,7364.8,105.6629,4.94,1183,83.4,2.8,13930.00977,10311.61035,2859.120117,1549.380005
1/10/07,156674,380390.6,85.8,4.7,"-56,538",48.7,19,208.9,85,6.04,6.375,727,221.57,560.1,370.1,754.6,1377.7,7379.5,105.1595,4.76,1264,80.9,3.5,13371.71973,9856.849609,2660.959961,1481.140015
1/11/07,151052,370591.4,94.77,4.7,"-59,717",58.8,19,210.2,115,5.85,6.208,641,219.23,563.9,323.4,806.25,1374.4,7412.8,105.729,4.49,1197,76.1,4.3,13264.82031,9740.320312,2652.280029,1468.359985
1/12/07,158368,362633.1,91.69,5,"-57,154",56.5,18,210,97,5.7525,6.095,619,217.08,628.8,254.3,803.2,1376.5,7444.2,105.7256,4.24,1037,75.5,4.1,12650.36035,9126.160156,2389.860107,1378.550049
1/1/08,158503,352153.3,92.97,5,"-61,139",59.3,19,211.1,19,5.288,5.758,627,214.07,495.8,338.2,889.6,1381.2,7476.4,105.4069,3.94,1084,78.4,4.3,12266.38965,8962.459961,2271.47998,1330.630005
1/2/08,149259,364644.3,95.39,4.9,"-64,348",46.8,20,211.7,-86,5.44,5.9175,593,213.61,555.5,339,922.3,1382.4,7559.6,105.054,2.98,1103,70.8,4,12262.88965,8797.290039,2279.100098,1322.699951
1/3/08,160961,364816.2,105.45,5.1,"-60,064",53.5,20,213.5,-78,5.42,5.97,535,212.31,679.4,324.4,968.43,1389.2,7622.4,104.7987,2.61,1005,69.5,4,12820.12988,9299.599609,2412.800049,1385.589966
1/4/08,154669,371623.2,112.58,5,"-63,528",50,20,214.8,-210,5.465,5.9175,536,211.26,656.8,324.3,909.71,1391,7668.1,104.0207,2.28,1013,62.6,3.9,12638.32031,9401.080078,2522.659912,1400.380005
1/5/08,159453,368957.4,125.4,5.4,"-62,151",59.4,19,216.6,-185,5.6,6.036,504,210.38,794.4,301.2,888.66,1391.6,7677.6,103.4941,1.98,973,59.8,4.2,11350.00977,8660.480469,2292.97998,1280
1/6/08,154129,367346.2,133.88,5.6,"-60,670",56.6,18,218.8,-165,5.91,6.32,487,209.87,659.7,322,889.49,1399.2,7693.9,103.3216,2,1046,56.4,5,11378.01953,8438.639648,2325.550049,1267.380005
1/7/08,160512,363029.5,133.37,5.8,"-66,842",39.9,16,219.964,-209,5.972,6.426,477,207.77,618.8,281.4,939.77,1415.9,7738.9,102.7625,2.01,923,61.2,5.6,11543.95996,8382.080078,2367.52002,1282.829956
1/8/08,155184,367087.6,116.67,6.1,"-62,108",56.6,16,219.086,-266,6.025,6.4775,435,205.52,627.3,343,839.03,1405.4,7752.7,101.2245,2,844,63,5.4,10850.66016,7532.799805,2091.879883,1166.359985
1/9/08,119373,350425.3,104.11,6.1,"-60,499",50.7,17,218.783,-452,5.64,6.0375,433,202.94,478.4,346.9,829.93,1458.9,7821.3,96.8689,1.81,820,70.3,4.9,9325.009766,6061.089844,1720.949951,968.75
1/10/08,146893,367401,76.61,6.5,"-60,191",43.1,14,216.573,-473,5.892,6.2,393,200.57,427.1,366,806.62,1471.6,7929.6,97.7617,0.97,777,57.6,3.7,8829.040039,5599.299805,1535.569946,896.23999
1/11/08,152570,356401.8,57.31,6.8,"-44,724",49.6,9,212.425,-769,5.79,6.0875,389,196.31,357.1,238.2,760.86,1518.6,7988.8,96.5572,0.39,652,55.3,1.1,8776.389648,5757.049805,1577.030029,903.25
1/12/08,158478,361649.4,41.12,7.3,"-42,463",52.3,9,210.228,-695,5.038,5.286,377,194.62,418.7,206.7,816.09,1606.8,8166.6,93.7183,0.16,560,60.1,0.1,8000.859863,5195.790039,1476.420044,825.880005
1/1/09,159410,342062.7,41.71,7.8,"-37,842",50.4,8,211.143,-791,4.7175,5.0475,336,195.54,312.8,100.5,858.69,1588.2,8246.1,91.5058,0.15,490,61.2,0,7062.930176,4617.029785,1377.839966,735.090027
1/2/09,146808,355341.5,39.09,8.3,"-27,767",52.4,9,212.193,-703,4.7725,5.13,372,196.38,338.5,136.1,943,1569.9,8273.7,90.934,0.22,582,56.3,0.2,7608.919922,4978.97998,1528.589966,797.869995
1/3/09,161697,355900.8,47.94,8.7,"-29,162",49.2,9,212.709,-823,4.6375,5.0025,339,194.51,442,173.2,924.27,1579.3,8335.1,89.5012,0.18,505,57.3,-0.4,8168.120117,5513.359863,1717.300049,872.809998
1/4/09,158556,366179.9,49.65,9,"-29,705",56.1,14,213.24,-686,4.5,4.81,337,194.89,426.5,156,890.2,1610.8,8340.4,88.7058,0.15,478,65.1,-0.7,8500.330078,6004.069824,1774.329956,919.140015
1/5/09,166854,369845.6,59.03,9.4,"-25,372",57.4,16,213.856,-351,4.515,4.8575,376,196.03,480.7,143.7,928.65,1614.3,8395.6,87.7758,0.18,540,68.7,-1.3,8447,5905.149902,1835.040039,919.320007
1/6/09,158193,377793.5,69.64,9.5,"-26,367",55.1,15,215.693,-470,4.9025,5.42,393,196.84,452.5,160.2,945.67,1650.7,8404.1,87.4125,0.21,585,70.8,-1.4,9171.610352,6424.279785,1978.5,987.47998
1/7/09,167360,375451.2,64.15,9.5,"-32,790",52.1,17,215.351,-329,4.692,5.222,411,196.01,545.4,143.6,934.23,1656.4,8408,88.3209,0.16,594,66,-2.1,9496.280273,6643.240234,2009.060059,1020.619995
1/8/09,166547,371446.3,71.05,9.6,"-31,267",53.2,18,215.834,-212,4.6125,5.1925,418,195.22,715.7,220.2,949.38,1657.6,8407.3,89.2996,0.16,586,65.7,-1.5,9712.280273,6910.879883,2122.419922,1057.079956
1/9/09,166823,365338.3,69.41,9.8,"-34,491",52.4,19,215.969,-219,4.4925,5.0575,386,194.31,394,256.8,996.59,1661.7,8405.1,89.9908,0.15,585,73.5,-1.3,9712.730469,6739.450195,2045.109985,1036.189941
1/10/09,171042,360349.5,75.72,10,"-33,826",42.7,17,216.177,-200,4.39,4.952,396,194.32,420.9,279.7,"1,043.16",1675.2,8433.3,90.2527,0.12,534,70.6,-0.2,10344.83984,7092.359863,2144.600098,1095.630005
1/11/09,161585,352940.3,77.99,9.9,"-37,203",53.2,17,216.33,-7,4.3425,4.875,375,194.06,368.2,221.3,"1,127.04",1689.1,8474.2,90.6331,0.12,588,67.4,1.8,10428.04981,7184.959961,2269.149902,1115.099976
1/12/09,168984,360567.2,74.47,9.9,"-37,983",51.6,16,215.949,-279,4.392,4.93,352,190.65,504.2,204.3,"1,134.72",1698.5,8471,90.8895,0.12,581,72.5,2.7,10067.33008,6883.779785,2147.350098,1073.869995
1/1/10,167078,335329.3,78.33,9.8,"-37,154",53.6,15,216.687,28,4.435,5.03,345,189.81,356.2,216.6,"1,117.96",1680,8431.1,91.9065,0.11,614,74.4,2.6,10325.25977,7035.040039,2238.26001,1104.48999
1/2/10,155250,351848.4,76.39,9.8,"-41,034",51.8,17,216.741,-69,4.3675,4.99,336,189.32,393.1,232.1,"1,095.41",1702.1,8477.3,92.2135,0.13,604,73.6,2.1,10856.62988,7447.799805,2397.959961,1169.430054
1/3/10,170567,362671.7,81.2,9.9,"-39,766",51.5,15,217.631,163,4.33,4.9675,381,189.94,533.5,263.4,"1,113.34",1712,8471,92.8133,0.16,636,73.6,2.3,11008.61035,7474.399902,2461.189941,1186.689941
1/4/10,161430,371490.6,84.29,9.9,"-40,864",51.3,19,218.009,243,4.418,5.098,422,191.67,493.6,232.3,"1,148.69",1697.3,8502.2,93.1984,0.2,687,72.2,2.2,10136.62988,6791.569824,2257.040039,1089.410034
1/5/10,167024,372032.8,73.74,9.6,"-41,333",52.7,22,218.178,522,4.2775,4.8875,280,193.48,555.2,245.8,"1,205.43",1706.1,8554.6,94.6492,0.2,583,73.6,2,9774.019531,6469.649902,2109.23999,1030.709961
1/6/10,161325,379936,75.34,9.4,"-46,557",52.5,16,217.965,-133,4.175,4.7375,305,192.39,493.5,248.9,"1,232.92",1722.1,8572.7,94.8328,0.18,536,76,1.1,10465.94043,6998.990234,2254.699951,1101.599976
1/7/10,164196,380748.1,76.32,9.4,"-40,413",53.5,14,218.011,-70,4.04,4.564,283,190.99,515,173.4,"1,192.97",1719.2,8582.3,95.2539,0.18,546,67.8,1.2,10014.71973,6704.149902,2114.030029,1049.329956
1/8/10,168607,379138.6,76.6,9.5,"-44,921",52.6,13,218.312,-34,3.9075,4.4275,282,190.18,490.8,244.8,"1,215.81",1746,8632.8,95.6092,0.19,599,68.9,1.1,10788.04981,7281.069824,2368.620117,1141.199951
1/9/10,168233,369443.2,75.24,9.5,"-44,042",52.4,13,218.439,-52,3.81,4.346,317,187.61,463.2,238.4,"1,270.98",1764.5,8662.6,95.8794,0.19,594,68.2,1.1,11118.49023,7513.350098,2507.409912,1183.26001
1/10/10,174182,362063.8,81.89,9.4,"-39,998",41.3,15,218.711,257,3.66,4.225,291,187.33,436.4,239.7,"1,342.02",1778.7,8713,95.6362,0.19,543,67.7,1.2,11006.01953,7430.939941,2498.22998,1180.550049
1/11/10,166981,357911.7,84.25,9.8,"-37,762",51.4,16,218.803,123,3.6825,4.3,287,186.07,395.7,219.3,"1,369.89",1835.3,8742,95.7002,0.19,545,71.6,1.1,11577.50977,7964.02002,2652.870117,1257.640015
1/12/10,173579,359633.9,89.15,9.3,"-40,815",54.7,16,219.179,88,4.058,4.714,326,183.27,509.6,176.4,"1,390.55",1842.5,8775.2,96.4959,0.18,539,74.5,1.5,11891.92969,8139.160156,2700.080078,1286.119995
1/1/11,170115,333278.7,89.17,9.1,"-47,123",54.8,16,220.223,42,4.0875,4.755,307,181.35,380.3,195.4,"1,356.40",1858.4,8810.6,96.4283,0.17,630,74.2,1.6,12226.33984,8438.549805,2782.27002,1327.219971
1/2/11,151003,347283.1,88.58,9,"-43,718",53.2,16,221.309,188,4.215,4.9525,270,179.66,483,228.7,"1,372.73",1873.9,8852.1,96.0111,0.16,517,77.5,2.1,12319.73047,8404.980469,2781.070068,1325.829956
1/3/11,173763,352630.5,102.86,9,"-43,478",54.8,17,223.467,225,4.08,4.836,300,178.84,648.5,282.7,"1,424.00",1890.5,8895.6,96.8407,0.14,600,67.5,2.7,12810.54004,8671.410156,2873.540039,1363.609985
1/4/11,166440,353211.1,109.53,9.1,"-42,227",41.9,16,224.906,346,4.055,4.84,310,180.8,596,213.2,"1,479.76",1898,8958.3,96.4337,0.1,554,69.8,3.2,12569.79004,8477.280273,2835.300049,1345.199951
1/5/11,173880,353234.7,100.9,9,"-47,220",48.9,16,225.964,73,3.8225,4.6375,305,182.11,534.6,236.5,"1,512.60",1932.7,9008.6,96.6227,0.09,561,74.3,3.6,12414.33984,8319.099609,2773.52002,1320.640015
1/6/11,167264,363300.9,96.26,9.1,"-49,433",46.7,13,225.722,235,3.694,4.51,301,183.85,513.9,242.7,"1,528.66",1945.8,9092.7,96.8573,0.09,608,71.5,3.6,12143.24023,8079.439941,2756.379883,1292.280029
1/7/11,168226,359158.6,97.3,9,"-45,689",45.9,15,225.922,70,3.68,4.545,296,184.25,497.4,163.1,"1,572.21",1997.8,9281.2,97.3169,0.07,623,63.7,3.6,11613.53027,7528.390137,2579.459961,1218.890015
1/8/11,174883,370095.5,86.33,9,"-44,968",53.2,15,226.545,107,3.46,4.27,299,182.97,497.6,294.4,"1,757.21",2110.5,9494.6,97.7956,0.1,585,55.8,3.8,10913.37988,6791.649902,2415.399902,1131.420044
1/9/11,167058,359636.8,85.52,9,"-43,305",53.1,14,226.889,246,3.318,4.106,304,183.21,475,264,"1,770.95",2128.6,9518.6,97.7474,0.08,650,59.5,3.9,11955.00977,7563.379883,2684.409912,1253.300049
1/10/11,181710,355416,86.32,8.8,"-44,962",43.2,17,226.421,202,3.3475,4.0675,316,181.51,470.1,309.7,"1,665.21",2139.4,9551.5,98.4096,0.07,610,60.8,3.5,12045.67969,7484.5,2620.340088,1246.959961
1/11/11,179247,355103.6,97.16,8.6,"-47,044",52.5,19,226.23,146,3.305,3.9925,328,181.77,455.3,281.7,"1,738.11",2174.9,9596.9,98.281,0.08,711,63.7,3.4,12217.55957,7477.029785,2605.149902,1257.599976
1/12/11,187155,356700.6,98.56,8.5,"-49,460",53.2,21,225.672,207,3.246,3.958,341,181.03,541.3,264.7,"1,641.84",2169.8,9636.2,98.6739,0.07,694,69.9,3,12632.91016,7838.47998,2813.840088,1312.410034
1/1/12,190462,326206.9,100.27,8.3,"-50,983",57,25,226.655,338,3.2,3.915,335,179.13,460.5,320.4,"1,652.21",2205.3,9714.2,99.3787,0.08,723,75,2.9,12952.07031,8113.240234,2966.889893,1365.680054
1/2/12,180955,343471.6,102.2,8.3,"-43,570",50.6,28,227.663,257,3.1625,3.89,366,179.83,604,343.3,"1,742.14",2209.7,9749.8,99.6578,0.1,704,75.3,2.9,13212.04004,8206.929688,3091.570068,1408.469971
1/3/12,193843,344305.4,106.16,8.2,"-50,218",50.7,28,229.392,239,3.198,3.954,354,182.49,747.9,363.7,"1,673.77",2227.1,9798.1,98.9579,0.13,695,76.2,2.7,13213.62988,8119.060059,3046.360107,1397.910034
1/4/12,187385,346056,103.32,8.2,"-47,254",47.1,24,230.085,75,3.1425,3.91,354,185.29,614.7,339.7,"1,649.69",2244.1,9851.8,99.8396,0.14,753,76.4,2.3,12393.4502,7463.959961,2827.340088,1310.329956
1/5/12,195415,353967.2,94.66,8.2,"-45,970",48.1,28,229.815,115,3.034,3.798,370,188.26,677.3,370.9,"1,591.19",2249.8,9882.2,100.0042,0.16,708,79.3,1.7,12880.08984,7801.839844,2935.050049,1362.160034
1/6/12,187949,362301,82.3,8.2,"-43,460",48.8,29,229.478,87,2.9525,3.675,360,190.15,641.9,353.6,"1,598.76",2261.9,9952.7,100.0318,0.16,757,73.2,1.7,13008.67969,7863.930176,2939.52002,1379.319946
1/7/12,199032,353467,87.9,8.2,"-43,370",51.1,35,229.104,143,2.845,3.55,369,190.39,567.4,274.6,"1,589.90",2310.4,10027.7,100.3132,0.16,740,72.3,1.4,13090.83984,8014.930176,3066.959961,1406.579956
1/8/12,197240,360886.1,94.13,8.1,"-44,107",49.6,37,230.379,190,2.86,3.602,375,190.6,633.7,388.8,"1,630.31",2341.1,10100.4,99.8389,0.13,754,74.3,1.7,13437.12988,8251,3116.22998,1440.670044
1/9/12,196673,341115.6,94.51,7.8,"-40,064",60.5,40,231.407,181,2.8025,3.4975,385,190.44,585.2,331.8,"1,744.81",2388.2,10183.1,99.9599,0.14,847,78.3,2,13096.45996,8221.400391,2977.22998,1412.160034
1/10/12,215015,351417.5,89.49,7.8,"-43,041",43.5,41,231.317,132,2.6925,3.3825,358,190.84,530.9,410.8,"1,746.58",2419.3,10244.5,100.2146,0.16,915,82.6,2.2,13025.58008,8260.429688,3010.23999,1416.180054
1/11/12,210714,344150.9,86.53,7.7,"-46,667",49.9,45,230.221,149,2.662,3.352,392,191.13,551.6,351.1,"1,721.64",2426.5,10304.2,100.7651,0.16,833,82.7,1.8,13104.13965,8443.509766,3019.51001,1426.189941
1/12/12,219452,339377.3,87.86,7.9,"-38,070",55.7,47,229.601,243,2.6575,3.345,399,190.66,629.9,260.4,"1,684.76",2461.4,10428.7,101.0382,0.16,976,72.9,1.7,13860.58008,8894.709961,3142.129883,1498.109985
1/1/13,219175,332833.7,94.76,8,"-41,589",57.2,47,230.28,190,2.696,3.414,442,190.5,523.2,374.6,"1,671.85",2469.7,10453.3,100.9614,0.14,888,73.8,1.6,14054.49023,8868.719727,3160.189941,1514.680054
1/2/13,199592,341507.9,95.31,7.7,"-42,754",52.8,46,232.166,311,2.7675,3.5325,439,192.07,604.2,363,"1,627.57",2465.4,10439.3,101.4781,0.15,970,77.6,2,14578.54004,9107.040039,3267.52002,1569.189941
1/3/13,223109,345879.9,92.94,7.5,"-37,524",54.9,44,232.773,135,2.7575,3.565,449,195.67,739.7,385.2,"1,593.09",2473.3,10518.2,101.6302,0.14,999,78.6,1.5,14839.79981,9276.879883,3328.790039,1597.569946
1/4/13,221345,351699.1,92.02,7.6,"-39,764",55.8,41,232.531,192,2.66,3.445,451,198.43,639.1,394.8,"1,487.86",2508.2,10554.3,101.5825,0.15,826,76.4,1.1,15115.57031,9302.269531,3455.909912,1630.73999
1/5/13,226266,357563.7,94.51,7.5,"-43,864",54.9,44,232.945,218,2.722,3.536,430,202,710.2,397,"1,414.03",2522.2,10590.5,101.6016,0.11,920,84.5,1.4,14909.59961,9112.69043,3403.25,1606.280029
1/6/13,217915,359454.4,95.77,7.5,"-37,628",44.7,51,233.504,146,3.1675,4.07,463,204.54,687.2,369.4,"1,343.35",2519.6,10646.7,101.8221,0.09,852,84.1,1.8,15499.54004,9558.830078,3626.370117,1685.72998
1/7/13,231469,355964.6,104.67,7.3,"-39,764",51.9,56,233.596,140,3.43,4.37,376,205.77,638.1,250.3,"1,285.52",2541.3,10705.6,101.2443,0.09,891,85.1,2,14810.30957,9270.660156,3589.870117,1632.969971
1/8/13,233139,360621.2,106.57,7.3,"-39,960",53.8,58,233.877,269,3.488,4.456,380,205.64,734,390.5,"1,351.74",2550.2,10767.3,101.9928,0.08,898,82.1,1.5,15129.66992,9621.240234,3771.47998,1681.550049
1/9/13,232347,344753.3,106.29,7.3,"-42,430",54.7,57,234.149,185,3.5225,4.49,399,205.34,549.3,376.3,"1,348.60",2586.7,10820.4,102.4847,0.08,860,77.5,1.2,15545.75,10009.63965,3919.709961,1756.540039
1/10/13,239000,347905.1,100.54,7.2,"-39,904",60.6,54,233.546,189,3.274,4.192,444,205.44,563.8,428.7,"1,316.58",2624.9,10929.9,102.4287,0.09,921,73.2,1,16086.41016,10183.23047,4059.889893,1805.810059
1/11/13,236545,345431.1,93.86,6.9,"-35,764",49.7,54,233.069,291,3.2975,4.255,446,204.74,584.8,358.7,"1,275.86",2625,10937.3,102.7732,0.08,1104,75.1,1.2,16576.66016,10400.32031,4176.589844,1848.359985
1/12/13,245763,339797.8,97.63,6.7,"-37,449",54.5,57,233.049,45,3.4825,4.4575,441,204.51,612.6,280.4,"1,221.51",2660.3,10994.7,102.9513,0.09,1010,82.5,1.5,15698.84961,9967.650391,4103.879883,1782.589966
1/1/14,249009,322546.8,94.62,6.6,"-38,834",58.1,56,233.916,187,3.48,4.432,447,204.04,480,358.5,"1,244.27",2689.6,11043.4,102.4621,0.07,902,81.2,1.6,16321.70996,10425.86035,4308.120117,1859.449951
1/2/14,227546,334997.9,100.82,6.7,"-40,825",57.2,46,234.781,168,3.35,4.3025,423,205.23,562.5,360.8,"1,299.58",2714.2,11108.5,103.2919,0.07,948,81.6,1.1,16457.66016,10527.76953,4198.990234,1872.339966
1/3/14,256109,340445.2,100.8,6.7,"-40,855",46.7,46,236.293,272,3.36,4.3425,410,207.78,741.3,374.3,"1,336.08",2747.3,11163.1,104.0896,0.08,973,80,1.5,16580.83984,10627.16992,4114.560059,1883.949951
1/4/14,258148,346400,102.07,6.2,"-44,019",45.9,46,237.072,310,3.3925,4.3375,401,210,656.7,351.4,"1,298.45",2772.2,11221.9,104.2409,0.09,1038,84.1,2,16717.16992,10756.30957,4242.620117,1923.569946
1/5/14,266739,354700,102.18,6.2,"-41,075",46.2,45,237.9,213,3.29,4.192,452,212.54,775,344.9,"1,288.74",2791.9,11291.5,104.6541,0.09,987,81.9,2.1,16826.59961,10979.41992,4408.180176,1960.22998
1/6/14,261545,353345.7,105.79,6.1,"-40,740",45.5,49,238.343,306,3.265,4.1625,416,214.63,685.3,379.1,"1,279.10",2822.2,11345.1,105.1223,0.1,928,82.5,2.1,16563.30078,10726.42969,4369.77002,1930.670044
1/7/14,273253,356085.8,103.59,6.2,"-39,287",45.9,53,238.25,232,3.236,4.13,402,215.58,670.9,299.4,"1,310.59",2837.4,11412.4,105.2073,0.09,1085,81.8,2,17098.44922,11046.29004,4580.27002,2003.369995
1/8/14,275145,355024.7,96.54,6.2,"-38,441",53.1,55,237.852,218,3.2475,4.115,449,215.47,752.4,367.4,"1,295.13",2807.5,11448.7,105.1989,0.09,984,82.5,1.7,17042.90039,10702.92969,4493.390137,1972.290039
1/9/14,271404,345832.2,93.21,6,"-41,687",58.7,59,238.031,286,3.3075,4.1625,466,214.6,565.5,372.3,"1,236.55",2869.4,11485,105.575,0.09,999,84.6,1.7,17390.51953,10845,4630.740234,2018.050049
1/10/14,286231,354962.2,84.4,5.7,"-41,024",51.9,54,237.433,200,3.21,4.036,474,214.88,580.9,396.4,"1,222.49",2874.9,11538.9,105.6441,0.09,1094,86.9,1.7,17828.24023,10955.41016,4791.629883,2067.560059
1/11/14,279201,347193.7,75.79,5.8,"-39,640",59.9,58,236.151,331,3.1875,3.9975,446,215.08,579.1,327.8,"1,175.33",2886,11577.3,106.6868,0.09,994,88.8,1.3,17823.07031,10839.24023,4736.049805,2058.899902
1/12/14,294365,348016,59.29,5.6,"-43,749",53.8,58,234.812,292,3.128,3.864,492,215.49,658.3,320.9,"1,200.62",2930.2,11646.9,106.5182,0.12,1081,93.6,0.8,17164.94922,10537.21973,4635.240234,1994.98999
1/1/15,290746,336514,47.22,5.7,"-42,057",60.1,57,233.707,221,2.985,3.67,524,214.16,514.9,326.3,"1,250.75",2930.7,11706.7,105.9906,0.11,1101,98.1,-0.1,18132.69922,11062.79004,4963.529785,2104.5
1/2/15,266465,350723.3,50.58,5.5,"-36,268",56.7,55,234.722,265,3.0075,3.71,549,216.25,557.6,321.9,"1,227.08",2984.8,11803.3,105.8576,0.11,893,95.4,0,17776.11914,10899.19043,4900.879883,2067.889893
1/3/15,296531,353325,47.82,5.5,"-48,189",46.3,52,236.119,84,3.04,3.77,490,218.76,716.8,400.3,"1,178.63",2990.7,11839.2,105.515,0.11,964,93,-0.1,17840.51953,11049.74023,4941.419922,2085.51001
1/4/15,288801,363960.8,54.45,5.4,"-40,885",50.2,56,236.599,251,2.942,3.672,500,221.71,645.3,377.9,"1,198.93",2994.8,11890.9,105.2732,0.12,1192,95.9,-0.2,18010.67969,11056.29981,5070.029785,2107.389893
1/5/15,293617,363206.7,59.27,5.5,"-40,170",56.3,54,237.805,273,3.0625,3.84,507,224.79,746.8,370.8,"1,198.63",2988.6,11927.8,105.0259,0.12,1063,90.7,0,17619.50977,10805.2002,4986.870117,2063.110107
1/6/15,279588,373640.6,59.82,5.3,"-42,973",52.3,60,238.638,228,3.1925,3.9825,472,226.96,660.1,369.9,"1,181.50",3015,11975.2,104.8599,0.13,1213,96.1,0.1,17689.85938,10882.28027,5128.279785,2103.840088
1/7/15,291964,374628.1,50.9,5.3,"-39,900",52.5,60,238.654,277,3.214,4.046,498,227.98,647,309,"1,128.31",3034.2,12036.1,105.4755,0.13,1147,93.1,0.2,16528.0293,10176.5,4776.509766,1972.180054
1/8/15,290916,371183,42.87,5.1,"-44,639",53.8,61,238.316,150,3.1275,3.905,505,227.39,669.8,357.3,"1,117.93",3041.2,12100.4,105.5783,0.14,1132,91.9,0.2,16284.7002,9799.69043,4620.160156,1920.030029
1/9/15,282676,365649,45.48,5.1,"-41,072",51.2,61,237.945,149,3.095,3.89,457,227.68,597.9,360,"1,124.77",3055.5,12157.7,105.3072,0.14,1189,87.2,0,17663.53906,10460.95996,5053.75,2079.360107
1/10/15,290098,364053,46.22,5,"-41,600",56.6,65,237.838,295,3.01,3.796,478,227.71,598.5,379.4,"1,159.25",3031.8,12180.7,105.1649,0.12,1073,90,0.2,17719.91992,10409.58984,5108.669922,2080.409912
1/11/15,279132,357796.9,42.44,5,"-41,122",49.4,62,237.336,280,3.1625,3.9425,508,228.32,528.8,312,"1,086.44",3083.4,12266.3,104.4871,0.12,1171,91.3,0.5,17425.0293,10143.41992,5007.410156,2043.939941
1/12/15,285980,357455.7,37.19,5,"-41,487",52.9,60,236.525,271,3.206,3.964,538,228.21,633.4,278,"1,068.25",3079.7,12313.5,104.0452,0.24,1160,92.6,0.7,16466.30078,9632.700195,4613.950195,1940.23999
1/1/16,285002,342192.8,31.68,4.9,-43027,53.2,61,236.916,168,3.155,3.87,526,227.45,472.6,306.8,"1,097.91",3091,12436.5,104.5495,0.34,1128,92,1.4,16516.5,9559.530273,4557.950195,1932.22998
1/2/16,265253,360546.8,30.32,4.9,-45259,55.2,58,237.111,233,2.96,3.66,525,228.94,555.2,347.8,1199.5,3104,12485.2,104.414,0.38,1213,91.7,1,17685.08984,10207.37012,4869.850098,2059.73999
1/3/16,284402,366846.1,37.55,5,-36930,49,58,238.132,186,2.966,3.69,537,232.86,665.9,352.9,1245.14,3144.5,12572.7,103.4255,0.36,1113,91,0.9,17773.64063,10436.91992,4775.359863,2065.300049
1/4/16,268413,370840.6,40.75,5,-38191,51.2,58,239.261,144,2.87,3.61,570,235.18,608.4,339.2,1242.26,3176.8,12652.3,103.8385,0.37,1155,89,1.1,17787.19922,10441,4948.049805,2096.949951
1/5/16,275353,373972.4,46.71,4.7,-41835,46.9,58,240.236,24,2.8425,3.6,566,238.09,625.3,322,1260.95,3224.6,12728.8,103.6937,0.37,1128,94.7,1,17929.99023,10489.75977,4842.669922,2098.860107
1/6/16,261331,389669.5,48.76,4.9,-44719,49.3,60,241.038,271,2.842,3.57,558,240.33,604.5,382.8,1276.4,3231.1,12803.6,104.2222,0.38,1195,93.5,1,18432.24023,10785.50977,5162.129883,2173.600098
1/7/16,269491,385165.4,44.65,4.9,-39626,49.1,58,240.647,252,2.7425,3.44,622,241.59,590.7,247.3,1336.65,3225.2,12878.1,104.5225,0.39,1218,90,0.8,18400.88086,10764.75,5213.220215,2170.949951
1/8/16,271053,384718.7,44.72,4.9,-40641,53.7,59,240.853,176,2.744,3.44,559,242.09,579.9,375.5,1340.17,3312.5,12987.1,104.4351,0.4,1164,89.8,1.1,18308.15039,10721.73047,5312,2168.27002
1/9/16,257264,375497.9,45.18,4.9,-36166,53.2,65,241.428,208,2.7625,3.4975,571,242.27,555.5,343.3,1326.61,3318.1,13061.2,104.198,0.4,1052,91.2,1.5,18142.41992,10481.88965,5189.140137,2126.149902
1/10/16,273008,373717.8,49.78,4.8,-42601,51.1,63,241.729,135,2.756,3.3825,563,241.88,506.4,332.8,1266.28,3340.6,13138,104.4011,0.4,1320,87.2,1.6,18037.09961,10414.04981,5153.580078,2111.719971